tree_id	record_type	source	original_id	original_header
ref_bacteria_CnsA	reference	bacteria	CnsA	CnsA
ref_bacteria_LnsA	reference	bacteria	LnsA	LnsA
ref_bacteria_SCO5222	reference	bacteria	SCO5222	SCO5222
ref_bacteria_NS1	reference	bacteria	NS1	NS1
ref_bacteria_NP1	reference	bacteria	NP1	NP1
ref_bacteria_Sav76	reference	bacteria	Sav76	Sav76
ref_bacteria_SSCG_02150	reference	bacteria	SSCG_02150	SSCG_02150
ref_bacteria_SSCG_03688	reference	bacteria	SSCG_03688	SSCG_03688
ref_bacteria_SC1	reference	bacteria	SC1	SC1
ref_bacteria_SC2	reference	bacteria	SC2	SC2
ref_bacteria_GcoA	reference	bacteria	GcoA	GcoA
ref_bacteria_GecA	reference	bacteria	GecA	GecA
ref_bacteria_HcS	reference	bacteria	HcS	HcS
ref_bacteria_SdS	reference	bacteria	SdS	SdS
ref_bacteria_CorvolA_synthase	reference	bacteria	CorvolA_synthase	CorvolA_synthase
ref_bacteria_GeoA	reference	bacteria	GeoA	GeoA
ref_bacteria_SsDMS	reference	bacteria	SsDMS	SsDMS
ref_bacteria_ScDMS	reference	bacteria	ScDMS	ScDMS
ref_bacteria_CryA	reference	bacteria	CryA	CryA
ref_bacteria_CavC	reference	bacteria	CavC	CavC
ref_bacteria_MorT	reference	bacteria	MorT	MorT
ref_bacteria_NetT	reference	bacteria	NetT	NetT
ref_bacteria_EurT	reference	bacteria	EurT	EurT
ref_bacteria_ArgT	reference	bacteria	ArgT	ArgT
ref_bacteria_PtmT2	reference	bacteria	PtmT2	PtmT2
ref_bacteria_PtmT3	reference	bacteria	PtmT3	PtmT3
ref_bacteria_CotB2	reference	bacteria	CotB2	CotB2
ref_bacteria_Sclav_p0765	reference	bacteria	Sclav_p0765	Sclav_p0765
ref_bacteria_Sclav_p1169	reference	bacteria	Sclav_p1169	Sclav_p1169
ref_bacteria_Stsu_20912	reference	bacteria	Stsu_20912	Stsu_20912
ref_bacteria_Nd90_0354	reference	bacteria	Nd90_0354	Nd90_0354
ref_bacteria_Slt18_1078	reference	bacteria	Slt18_1078	Slt18_1078
ref_bacteria_AriE	reference	bacteria	AriE	AriE
ref_bacteria_TiqS	reference	bacteria	TiqS	TiqS
ref_bacteria_Cpt11	reference	bacteria	Cpt11	Cpt11
ref_bacteria_Cts11	reference	bacteria	Cts11	Cts11
ref_bacteria_VenA	reference	bacteria	VenA	VenA
ref_bacteria_AlbS	reference	bacteria	AlbS	AlbS
ref_bacteria_AriT	reference	bacteria	AriT	AriT
ref_bacteria_EuoT	reference	bacteria	EuoT	EuoT
ref_bacteria_CpDTS1	reference	bacteria	CpDTS1	CpDTS1
ref_bacteria_CpDTS2	reference	bacteria	CpDTS2	CpDTS2
ref_bacteria_AbPS1	reference	bacteria	AbPS1	AbPS1
ref_bacteria_AbPS2	reference	bacteria	AbPS2	AbPS2
ref_bacteria_AsSS	reference	bacteria	AsSS	AsSS
ref_bacteria_CvSS	reference	bacteria	CvSS	CvSS
ref_bacteria_MicA	reference	bacteria	MicA	MicA
ref_coral_DgTC-1	reference	coral	DgTC-1	DgTC-1
ref_coral_GvTC-3	reference	coral	GvTC-3	GvTC-3
ref_coral_gGvTC-1	reference	coral	gGvTC-1	gGvTC-1
ref_coral_PbTC-2	reference	coral	PbTC-2	PbTC-2
ref_coral_PcTC-4	reference	coral	PcTC-4	PcTC-4
ref_coral_TspTC-1	reference	coral	TspTC-1	TspTC-1
ref_coral_TspTC-2	reference	coral	TspTC-2	TspTC-2
ref_coral_TspTC-10	reference	coral	TspTC-10	TspTC-10
ref_coral_EfTC-1	reference	coral	EfTC-1	EfTC-1
ref_coral_EcTC-1k	reference	coral	EcTC-1k	EcTC-1k
ref_coral_EcTC-1l	reference	coral	EcTC-1l	EcTC-1l
ref_coral_EcTC-1f	reference	coral	EcTC-1f	EcTC-1f
ref_coral_EcTC-1j	reference	coral	EcTC-1j	EcTC-1j
ref_coral_PkuTC-7	reference	coral	PkuTC-7	PkuTC-7
ref_coral_PkuTC-5	reference	coral	PkuTC-5	PkuTC-5
ref_coral_PkuTC-6	reference	coral	PkuTC-6	PkuTC-6
ref_coral_PkuTC-10	reference	coral	PkuTC-10	PkuTC-10
ref_coral_PkuTC-9	reference	coral	PkuTC-9	PkuTC-9
ref_coral_PkuTC-4	reference	coral	PkuTC-4	PkuTC-4
ref_coral_S_PkTC-1	reference	coral	S_PkTC-1	S_PkTC-1 A new protein sequence entered manually
ref_coral_PkuTC-8	reference	coral	PkuTC-8	PkuTC-8
ref_coral_PkuTC-3	reference	coral	PkuTC-3	PkuTC-3
ref_coral_PhoTC-1	reference	coral	PhoTC-1	PhoTC-1
ref_coral_EcTC-1b	reference	coral	EcTC-1b	EcTC-1b
ref_coral_EcTC-1a	reference	coral	EcTC-1a	EcTC-1a
ref_coral_EcTC-1c	reference	coral	EcTC-1c	EcTC-1c
ref_coral_EcTC-1e	reference	coral	EcTC-1e	EcTC-1e
ref_coral_EcTC-1h	reference	coral	EcTC-1h	EcTC-1h
ref_coral_EcTC-1i	reference	coral	EcTC-1i	EcTC-1i
ref_coral_EcTC-1d	reference	coral	EcTC-1d	EcTC-1d
ref_coral_EcTC-1g	reference	coral	EcTC-1g	EcTC-1g
ref_coral_McTC-1	reference	coral	McTC-1	McTC-1
ref_coral_PkuTC-2	reference	coral	PkuTC-2	PkuTC-2
ref_coral_PhoTC-2	reference	coral	PhoTC-2	PhoTC-2
ref_coral_S_PkTC-2	reference	coral	S_PkTC-2	S_PkTC-2 A new protein sequence entered manually
ref_coral_PkuTC-1	reference	coral	PkuTC-1	PkuTC-1
ref_coral_S_PsTC-1	reference	coral	S_PsTC-1	S_PsTC-1 A new protein sequence entered manually
ref_coral_CsTC-1	reference	coral	CsTC-1	CsTC-1
ref_coral_RhTPS	reference	coral	RhTPS	RhTPS A new protein sequence entered manually
ref_coral_RsTC-1	reference	coral	RsTC-1	RsTC-1
ref_coral_SCB-157_TC3	reference	coral	SCB-157_TC3	SCB-157_TC3
ref_coral_SCB-144_TC3	reference	coral	SCB-144_TC3	SCB-144_TC3
ref_coral_HcTC-3g-4	reference	coral	HcTC-3g-4	HcTC-3g-4
ref_coral_g25402.t1	reference	coral	g25402.t1	g25402.t1
ref_coral_HcTC-3g-3	reference	coral	HcTC-3g-3	HcTC-3g-3
ref_coral_HcTC-3_1	reference	coral	HcTC-3_1	HcTC-3_1 A new protein sequence entered manually
ref_coral_HcTC-3_2	reference	coral	HcTC-3_2	HcTC-3_2
ref_coral_HcTC-3g-1	reference	coral	HcTC-3g-1	HcTC-3g-1
ref_coral_HcTC-3g-2	reference	coral	HcTC-3g-2	HcTC-3g-2
ref_coral_NA-045_TC-3	reference	coral	NA-045_TC-3	NA-045_TC-3
ref_coral_PbTC-1_1	reference	coral	PbTC-1_1	PbTC-1_1 A new protein sequence entered manually
ref_coral_PbTC-1_2	reference	coral	PbTC-1_2	PbTC-1_2
ref_coral_PcTS-1	reference	coral	PcTS-1	PcTS-1 A new protein sequence entered manually
ref_coral_PcTC-3	reference	coral	PcTC-3	PcTC-3
ref_coral_TP2	reference	coral	TP2	TP2 A new protein sequence entered manually
ref_coral_AeTPS	reference	coral	AeTPS	AeTPS A new protein sequence entered manually
ref_coral_AeTC-1	reference	coral	AeTC-1	AeTC-1
ref_coral_AbTPS	reference	coral	AbTPS	AbTPS A new protein sequence entered manually
ref_coral_AbTC-1	reference	coral	AbTC-1	AbTC-1
ref_coral_GvTC-1	reference	coral	GvTC-1	GvTC-1
ref_coral_gGvTC-2	reference	coral	gGvTC-2	gGvTC-2
ref_coral_SCB-157_TC7	reference	coral	SCB-157_TC7	SCB-157_TC7
ref_coral_EvTC-2	reference	coral	EvTC-2	EvTC-2
ref_coral_VgTC-2	reference	coral	VgTC-2	VgTC-2
ref_coral_S_EsTC-2	reference	coral	S_EsTC-2	S_EsTC-2 A new protein sequence entered manually
ref_coral_BaTC-2_1	reference	coral	BaTC-2_1	BaTC-2_1 A new protein sequence entered manually
ref_coral_BaTC-2_2	reference	coral	BaTC-2_2	BaTC-2_2
ref_coral_BsTC-1	reference	coral	BsTC-1	BsTC-1
ref_coral_EcTPS-1	reference	coral	EcTPS-1	EcTPS-1 A new protein sequence entered manually
ref_coral_ErycarTC-1	reference	coral	ErycarTC-1	ErycarTC-1
ref_coral_S_CdTC-2	reference	coral	S_CdTC-2	S_CdTC-2 A new protein sequence entered manually
ref_coral_CdTC-3	reference	coral	CdTC-3	CdTC-3
ref_coral_SCB-144_TC7	reference	coral	SCB-144_TC7	SCB-144_TC7
ref_coral_NA-218_TC-2	reference	coral	NA-218_TC-2	NA-218_TC-2
ref_coral_S_StTC-1-cembreneC	reference	coral	S_StTC-1-cembreneC	S_StTC-1-cembreneC A new protein sequence entered manually
ref_coral_StTC-1-cembreneC	reference	coral	StTC-1-cembreneC	StTC-1-cembreneC
ref_coral_NA-045_TC-2	reference	coral	NA-045_TC-2	NA-045_TC-2
ref_coral_PbTC-3	reference	coral	PbTC-3	PbTC-3
ref_coral_EvTC-1	reference	coral	EvTC-1	EvTC-1
ref_coral_NA-141_TC4-cembreneA	reference	coral	NA-141_TC4-cembreneA	NA-141_TC4-cembreneA
ref_coral_NA-047_TC3-cembreneA	reference	coral	NA-047_TC3-cembreneA	NA-047_TC3-cembreneA
ref_coral_gGvTC-3	reference	coral	gGvTC-3	gGvTC-3
ref_coral_gGvTC-5	reference	coral	gGvTC-5	gGvTC-5
ref_coral_S_AbTC-2-cembreneA	reference	coral	S_AbTC-2-cembreneA	S_AbTC-2-cembreneA A new protein sequence entered manually
ref_coral_AbTC-2-cembreneA	reference	coral	AbTC-2-cembreneA	AbTC-2-cembreneA
ref_coral_DgTC-2-cembreneA	reference	coral	DgTC-2-cembreneA	DgTC-2-cembreneA A new protein sequence entered manually
ref_coral_ErTC-2-cembreneA	reference	coral	ErTC-2-cembreneA	ErTC-2-cembreneA
ref_coral_TspTC-12	reference	coral	TspTC-12	TspTC-12
ref_coral_SCB-084_TC3	reference	coral	SCB-084_TC3	SCB-084_TC3
ref_coral_S_BaTC-1	reference	coral	S_BaTC-1	S_BaTC-1 A new protein sequence entered manually
ref_coral_BaTC-1-cembreneA	reference	coral	BaTC-1-cembreneA	BaTC-1-cembreneA A new protein sequence entered manually
ref_coral_BaTC-2_3	reference	coral	BaTC-2_3	BaTC-2_3
ref_coral_ErycarTC-2	reference	coral	ErycarTC-2	ErycarTC-2
ref_coral_HcTC-4g	reference	coral	HcTC-4g	HcTC-4g
ref_coral_g34691.t1	reference	coral	g34691.t1	g34691.t1
ref_coral_HcTC-1_1	reference	coral	HcTC-1_1	HcTC-1_1 A new protein sequence entered manually
ref_coral_HcTC-1_2	reference	coral	HcTC-1_2	HcTC-1_2
ref_coral_HcTC-1g	reference	coral	HcTC-1g	HcTC-1g
ref_coral_g13994.t1	reference	coral	g13994.t1	g13994.t1
ref_coral_ClTC-1	reference	coral	ClTC-1	ClTC-1
ref_coral_S_CdTC-3	reference	coral	S_CdTC-3	S_CdTC-3 A new protein sequence entered manually
ref_coral_CdTC-4	reference	coral	CdTC-4	CdTC-4
ref_coral_SCB-157_TC8	reference	coral	SCB-157_TC8	SCB-157_TC8
ref_coral_S_ClTC-1	reference	coral	S_ClTC-1	S_ClTC-1 A new protein sequence entered manually
ref_coral_ClTC-2	reference	coral	ClTC-2	ClTC-2
ref_coral_CdTC-2-cembrene-cembreneA-cembreneC	reference	coral	CdTC-2-cembrene-cembreneA-cembreneC	CdTC-2-cembrene-cembreneA-cembreneC
ref_coral_CdTC-1a	reference	coral	CdTC-1a	CdTC-1a
ref_coral_S_CdTC-4	reference	coral	S_CdTC-4	S_CdTC-4 A new protein sequence entered manually
ref_coral_CdTC-1b	reference	coral	CdTC-1b	CdTC-1b
ref_coral_CdTC-1	reference	coral	CdTC-1	CdTC-1
ref_coral_S_PsTC-2	reference	coral	S_PsTC-2	S_PsTC-2 A new protein sequence entered manually
ref_coral_CsTC-2	reference	coral	CsTC-2	CsTC-2
ref_coral_SCB-157_TC5	reference	coral	SCB-157_TC5	SCB-157_TC5
ref_coral_SCB-144_TC4	reference	coral	SCB-144_TC4	SCB-144_TC4
ref_coral_SCB-157_TC6	reference	coral	SCB-157_TC6	SCB-157_TC6
ref_coral_S_RsTC-1	reference	coral	S_RsTC-1	S_RsTC-1 A new protein sequence entered manually
ref_coral_SCB-144_TC2	reference	coral	SCB-144_TC2	SCB-144_TC2
ref_coral_SCB-144_TC1	reference	coral	SCB-144_TC1	SCB-144_TC1
ref_coral_SCB-157_TC1	reference	coral	SCB-157_TC1	SCB-157_TC1
ref_coral_gCspTC-1	reference	coral	gCspTC-1	gCspTC-1
ref_coral_XsTC-1_1	reference	coral	XsTC-1_1	XsTC-1_1 A new protein sequence entered manually
ref_coral_XsTC-1_2	reference	coral	XsTC-1_2	XsTC-1_2
ref_coral_S_EsTC-1	reference	coral	S_EsTC-1	S_EsTC-1 A new protein sequence entered manually
ref_coral_NA-047_TC2	reference	coral	NA-047_TC2	NA-047_TC2
ref_coral_gGvTC-8	reference	coral	gGvTC-8	gGvTC-8
ref_coral_NA-141_TC2	reference	coral	NA-141_TC2	NA-141_TC2
ref_coral_NA-047_TC1	reference	coral	NA-047_TC1	NA-047_TC1
ref_coral_CiTC-1	reference	coral	CiTC-1	CiTC-1
ref_coral_TspTC-7	reference	coral	TspTC-7	TspTC-7
ref_coral_TspTC-5	reference	coral	TspTC-5	TspTC-5
ref_coral_SCB-084_TC4	reference	coral	SCB-084_TC4	SCB-084_TC4
ref_coral_TspTC-3	reference	coral	TspTC-3	TspTC-3
ref_coral_SCB-084_TC2	reference	coral	SCB-084_TC2	SCB-084_TC2
ref_coral_SCB-084_TC1	reference	coral	SCB-084_TC1	SCB-084_TC1
ref_coral_TspTC-6	reference	coral	TspTC-6	TspTC-6
ref_coral_TspTC-4	reference	coral	TspTC-4	TspTC-4
ref_coral_SCB-084_TC6	reference	coral	SCB-084_TC6	SCB-084_TC6
ref_coral_TspTC-8	reference	coral	TspTC-8	TspTC-8
ref_coral_SCB-084_TC5	reference	coral	SCB-084_TC5	SCB-084_TC5
ref_coral_TmTC-2	reference	coral	TmTC-2	TmTC-2
ref_coral_S_TmTC-1-cembreneA	reference	coral	S_TmTC-1-cembreneA	S_TmTC-1-cembreneA A new protein sequence entered manually
ref_coral_TmTC-3	reference	coral	TmTC-3	TmTC-3
ref_coral_Allacma_fusca	reference	coral	Allacma_fusca	Allacma_fusca A new protein sequence entered manually
ref_coral_S_PgTC-1	reference	coral	S_PgTC-1	S_PgTC-1 A new protein sequence entered manually
ref_coral_NODE_9695_length_1224	reference	coral	NODE_9695_length_1224	NODE_9695_length_1224 A new protein sequence entered manually
ref_coral_NODE_9264_length_1285	reference	coral	NODE_9264_length_1285	NODE_9264_length_1285 A new protein sequence entered manually
ref_coral_Rkoe_cbTC_1-cembreneB	reference	coral	Rkoe_cbTC_1-cembreneB	Rkoe_cbTC_1-cembreneB A new protein sequence entered manually
ref_coral_RmTC-1-cembreneB	reference	coral	RmTC-1-cembreneB	RmTC-1-cembreneB A new protein sequence entered manually
ref_coral_RmTC-1-cembreneB_2	reference	coral	RmTC-1-cembreneB_2	RmTC-1-cembreneB_2
ref_coral_Basb_cbTC_1-cembreneB	reference	coral	Basb_cbTC_1-cembreneB	Basb_cbTC_1-cembreneB A new protein sequence entered manually
ref_coral_EcTPS-6-cembreneB	reference	coral	EcTPS-6-cembreneB	EcTPS-6-cembreneB A new protein sequence entered manually
ref_coral_ErycarTC-6-cembreneB	reference	coral	ErycarTC-6-cembreneB	ErycarTC-6-cembreneB
ref_coral_Selo_cbTC_1-cembreneB	reference	coral	Selo_cbTC_1-cembreneB	Selo_cbTC_1-cembreneB A new protein sequence entered manually
ref_coral_VgTC-1	reference	coral	VgTC-1	VgTC-1
ref_coral_NA-195_TC-5-cembreneB	reference	coral	NA-195_TC-5-cembreneB	NA-195_TC-5-cembreneB
ref_coral_Crub_cbTC_1-cembreneB	reference	coral	Crub_cbTC_1-cembreneB	Crub_cbTC_1-cembreneB A new protein sequence entered manually
ref_coral_Crub_cbTC_2-cembreneB	reference	coral	Crub_cbTC_2-cembreneB	Crub_cbTC_2-cembreneB
ref_coral_CrTC1	reference	coral	CrTC1	CrTC1
ref_coral_Dgem_cbTC_1-cembreneB	reference	coral	Dgem_cbTC_1-cembreneB	Dgem_cbTC_1-cembreneB A new protein sequence entered manually
ref_coral_NA-218_TC-1-cembreneB	reference	coral	NA-218_TC-1-cembreneB	NA-218_TC-1-cembreneB
ref_coral_PcaTC-1	reference	coral	PcaTC-1	PcaTC-1
ref_coral_HcTC-5g-1	reference	coral	HcTC-5g-1	HcTC-5g-1
ref_coral_g34001.t1	reference	coral	g34001.t1	g34001.t1
ref_coral_HcTC-5-2	reference	coral	HcTC-5-2	HcTC-5-2
ref_coral_NA-045_TC-5	reference	coral	NA-045_TC-5	NA-045_TC-5
ref_coral_NA-195_TC-3	reference	coral	NA-195_TC-3	NA-195_TC-3
ref_coral_SCB-216_TC1	reference	coral	SCB-216_TC1	SCB-216_TC1
ref_coral_NA-218_TC-3	reference	coral	NA-218_TC-3	NA-218_TC-3
ref_coral_NA-195_TC-1	reference	coral	NA-195_TC-1	NA-195_TC-1
ref_coral_NA-195_TC-2	reference	coral	NA-195_TC-2	NA-195_TC-2
ref_coral_S_HiTC-1	reference	coral	S_HiTC-1	S_HiTC-1 A new protein sequence entered manually
ref_coral_NA-195_TC-4	reference	coral	NA-195_TC-4	NA-195_TC-4
ref_coral_HcTC-2	reference	coral	HcTC-2	HcTC-2
ref_coral_HcTC-2g	reference	coral	HcTC-2g	HcTC-2g
ref_coral_g50187.t1	reference	coral	g50187.t1	g50187.t1
ref_coral_SCB-157_TC4	reference	coral	SCB-157_TC4	SCB-157_TC4
ref_coral_SCB-157_TC2	reference	coral	SCB-157_TC2	SCB-157_TC2
ref_coral_gCspTC-2	reference	coral	gCspTC-2	gCspTC-2
ref_coral_ErycarTC-4	reference	coral	ErycarTC-4	ErycarTC-4
ref_coral_ErycarTC-4_1	reference	coral	ErycarTC-4_1	ErycarTC-4_1
ref_coral_PmTC-3	reference	coral	PmTC-3	PmTC-3
ref_coral_PstTC-3	reference	coral	PstTC-3	PstTC-3
ref_coral_PsuTC-3	reference	coral	PsuTC-3	PsuTC-3
ref_coral_PmTC-1	reference	coral	PmTC-1	PmTC-1
ref_coral_PstTC-1	reference	coral	PstTC-1	PstTC-1
ref_coral_PsuTC-2	reference	coral	PsuTC-2	PsuTC-2
ref_coral_PsuTC-1	reference	coral	PsuTC-1	PsuTC-1
ref_coral_PmTC-2	reference	coral	PmTC-2	PmTC-2
ref_coral_PstTC-2	reference	coral	PstTC-2	PstTC-2
ref_coral_PsuTC-4	reference	coral	PsuTC-4	PsuTC-4
ref_coral_ErycarTC-5	reference	coral	ErycarTC-5	ErycarTC-5
ref_coral_ErycarTC-7	reference	coral	ErycarTC-7	ErycarTC-7
ref_coral_ErycarTC-8	reference	coral	ErycarTC-8	ErycarTC-8
ref_coral_ErTC-1	reference	coral	ErTC-1	ErTC-1 A new protein sequence entered manually
ref_coral_ErTC-1_2	reference	coral	ErTC-1_2	ErTC-1_2
ref_coral_TmTC-1-Cembrene_A	reference	coral	TmTC-1-Cembrene_A	TmTC-1-Cembrene_A A new protein sequence entered manually
ref_coral_PcTC-7	reference	coral	PcTC-7	PcTC-7
ref_coral_NA-045_TC-4	reference	coral	NA-045_TC-4	NA-045_TC-4
ref_coral_PcTC-8	reference	coral	PcTC-8	PcTC-8
ref_coral_PcTC-1	reference	coral	PcTC-1	PcTC-1
ref_coral_PcTC-2	reference	coral	PcTC-2	PcTC-2
ref_coral_S_PeTC-1	reference	coral	S_PeTC-1	S_PeTC-1 A new protein sequence entered manually
ref_coral_AeTC-2	reference	coral	AeTC-2	AeTC-2
ref_coral_gGvTC-7	reference	coral	gGvTC-7	gGvTC-7
ref_coral_gGvTC-4	reference	coral	gGvTC-4	gGvTC-4
ref_coral_GvTC-2	reference	coral	GvTC-2	GvTC-2
ref_coral_gGvTC-6	reference	coral	gGvTC-6	gGvTC-6
ref_coral_AaTPS	reference	coral	AaTPS	AaTPS A new protein sequence entered manually
ref_coral_gGvTC-9	reference	coral	gGvTC-9	gGvTC-9
ref_coral_NA-141_TC1	reference	coral	NA-141_TC1	NA-141_TC1
ref_coral_NA-141_TC5	reference	coral	NA-141_TC5	NA-141_TC5
ref_coral_NA-047_TC4	reference	coral	NA-047_TC4	NA-047_TC4
ref_coral_gGvTC-10	reference	coral	gGvTC-10	gGvTC-10
ref_coral_S_AbTC-1	reference	coral	S_AbTC-1	S_AbTC-1 A new protein sequence entered manually
ref_coral_AbTC-4	reference	coral	AbTC-4	AbTC-4
ref_coral_ErycarTC-3	reference	coral	ErycarTC-3	ErycarTC-3
ref_coral_S_LsTC-1	reference	coral	S_LsTC-1	S_LsTC-1 A new protein sequence entered manually
ref_coral_AbTC-3	reference	coral	AbTC-3	AbTC-3
ref_coral_PcTC-5	reference	coral	PcTC-5	PcTC-5
ref_coral_PcTC-6	reference	coral	PcTC-6	PcTC-6
ref_coral_S_CdTC-1	reference	coral	S_CdTC-1	S_CdTC-1 A new protein sequence entered manually
ref_coral_TspTC-9	reference	coral	TspTC-9	TspTC-9
ref_fungi_AHY23922.1	reference	fungi	AHY23922.1	AHY23922.1
ref_fungi_AHY23921.1	reference	fungi	AHY23921.1	AHY23921.1
ref_fungi_AHY23924.1	reference	fungi	AHY23924.1	AHY23924.1
ref_fungi_ATZ56107.1	reference	fungi	ATZ56107.1	ATZ56107.1
ref_fungi_XP_001832573.2	reference	fungi	XP_001832573.2	XP_001832573.2
ref_fungi_XP_001836556.1	reference	fungi	XP_001836556.1	XP_001836556.1
ref_fungi_XP_001832925.1	reference	fungi	XP_001832925.1	XP_001832925.1
ref_fungi_XP_001836356.1	reference	fungi	XP_001836356.1	XP_001836356.1
ref_fungi_XP_001832549.1	reference	fungi	XP_001832549.1	XP_001832549.1
ref_fungi_MUStwsD_GLEAN_10001317	reference	fungi	MUStwsD_GLEAN_10001317	MUStwsD_GLEAN_10001317
ref_fungi_MUStwsD_GLEAN_10003938	reference	fungi	MUStwsD_GLEAN_10003938	MUStwsD_GLEAN_10003938
ref_fungi_MUStwsD_GLEAN_10005581	reference	fungi	MUStwsD_GLEAN_10005581	MUStwsD_GLEAN_10005581
ref_fungi_MUStwsD_GLEAN_10000810	reference	fungi	MUStwsD_GLEAN_10000810	MUStwsD_GLEAN_10000810
ref_fungi_MUStwsD_GLEAN_10000811	reference	fungi	MUStwsD_GLEAN_10000811	MUStwsD_GLEAN_10000811
ref_fungi_MUStwsD_GLEAN_10003820	reference	fungi	MUStwsD_GLEAN_10003820	MUStwsD_GLEAN_10003820
ref_fungi_MUStwsD_GLEAN_10000831	reference	fungi	MUStwsD_GLEAN_10000831	MUStwsD_GLEAN_10000831
ref_fungi_MUStwsD_GLEAN_10000543	reference	fungi	MUStwsD_GLEAN_10000543	MUStwsD_GLEAN_10000543
ref_fungi_MUStwsD_GLEAN_10000292	reference	fungi	MUStwsD_GLEAN_10000292	MUStwsD_GLEAN_10000292
ref_fungi_sP9WEV6.1	reference	fungi	sP9WEV6.1	sP9WEV6.1
ref_fungi_GU123140.1	reference	fungi	GU123140.1	GU123140.1
ref_fungi_Stehi1_159379	reference	fungi	Stehi1_159379	Stehi1_159379
ref_fungi_Stehi1_128017	reference	fungi	Stehi1_128017	Stehi1_128017
ref_fungi_Stehi1_25180	reference	fungi	Stehi1_25180	Stehi1_25180
ref_fungi_Stehi1_64702	reference	fungi	Stehi1_64702	Stehi1_64702
ref_fungi_Stehi1_73029	reference	fungi	Stehi1_73029	Stehi1_73029
ref_fungi_AGR34199.1	reference	fungi	AGR34199.1	AGR34199.1
ref_insect_A0A1B6FW32	reference	insect	A0A1B6FW32	A0A1B6FW32
ref_insect_A0A1B6JR16	reference	insect	A0A1B6JR16	A0A1B6JR16
ref_insect_A0A0K8SQK6	reference	insect	A0A0K8SQK6	A0A0K8SQK6
ref_insect_A0A224XQ55	reference	insect	A0A224XQ55	A0A224XQ55
ref_insect_A0A023F505	reference	insect	A0A023F505	A0A023F505
ref_insect_E2C655	reference	insect	E2C655	E2C655
ref_insect_A0A151ICL0	reference	insect	A0A151ICL0	A0A151ICL0
ref_insect_A0A151XAF4	reference	insect	A0A151XAF4	A0A151XAF4
ref_insect_A0A195DY43	reference	insect	A0A195DY43	A0A195DY43
ref_insect_F4WZX1	reference	insect	F4WZX1	F4WZX1
ref_insect_A0A195B7S7	reference	insect	A0A195B7S7	A0A195B7S7
ref_insect_E2AMF4	reference	insect	E2AMF4	E2AMF4
ref_insect_A0A3L8DMT1	reference	insect	A0A3L8DMT1	A0A3L8DMT1
ref_insect_A0A026VYX6	reference	insect	A0A026VYX6	A0A026VYX6
ref_insect_D6WAF3	reference	insect	D6WAF3	D6WAF3
ref_insect_A0A0T6AYV0	reference	insect	A0A0T6AYV0	A0A0T6AYV0
ref_insect_A0A5E4M2V6	reference	insect	A0A5E4M2V6	A0A5E4M2V6
ref_insect_J9K4T0	reference	insect	J9K4T0	J9K4T0
ref_insect_A0A2H8TKV8	reference	insect	A0A2H8TKV8	A0A2H8TKV8
ref_insect_M9VU49	reference	insect	M9VU49	M9VU49
ref_insect_V5UUH0	reference	insect	V5UUH0	V5UUH0
ref_insect_A0A1Y1MX09	reference	insect	A0A1Y1MX09	A0A1Y1MX09
ref_insect_A0A2A4JK80	reference	insect	A0A2A4JK80	A0A2A4JK80
ref_insect_A0A212F9C8	reference	insect	A0A212F9C8	A0A212F9C8
ref_insect_G9D512	reference	insect	G9D512	G9D512
ref_insect_A0A0N1PGS1	reference	insect	A0A0N1PGS1	A0A0N1PGS1
ref_insect_A0A232ET71	reference	insect	A0A232ET71	A0A232ET71
ref_insect_A0A482XJ80	reference	insect	A0A482XJ80	A0A482XJ80
ref_insect_A0A1B6DIQ4	reference	insect	A0A1B6DIQ4	A0A1B6DIQ4
ref_insect_A0A1B6GMQ4	reference	insect	A0A1B6GMQ4	A0A1B6GMQ4
ref_insect_A0A1B6KSJ0	reference	insect	A0A1B6KSJ0	A0A1B6KSJ0
ref_insect_A0A154P407	reference	insect	A0A154P407	A0A154P407
ref_insect_A0A0L7QLJ7	reference	insect	A0A0L7QLJ7	A0A0L7QLJ7
ref_insect_A0A067QX52	reference	insect	A0A067QX52	A0A067QX52
ref_insect_A0A0C9Q793	reference	insect	A0A0C9Q793	A0A0C9Q793
ref_insect_A0A182X0B1	reference	insect	A0A182X0B1	A0A182X0B1
ref_insect_A0A182V1R4	reference	insect	A0A182V1R4	A0A182V1R4
ref_insect_Q7PYQ9	reference	insect	Q7PYQ9	Q7PYQ9
ref_insect_A0A182TH73	reference	insect	A0A182TH73	A0A182TH73
ref_insect_A0A182I001	reference	insect	A0A182I001	A0A182I001
ref_insect_A0A182JSE6	reference	insect	A0A182JSE6	A0A182JSE6
ref_insect_A0A182P568	reference	insect	A0A182P568	A0A182P568
ref_insect_A0A182YAP7	reference	insect	A0A182YAP7	A0A182YAP7
ref_insect_A0A4Y0BJ88	reference	insect	A0A4Y0BJ88	A0A4Y0BJ88
ref_insect_A0A182VZ71	reference	insect	A0A182VZ71	A0A182VZ71
ref_insect_A0A1L8DZU4	reference	insect	A0A1L8DZU4	A0A1L8DZU4
ref_insect_W8BDU2	reference	insect	W8BDU2	W8BDU2
ref_insect_A0A0A1WFE6	reference	insect	A0A0A1WFE6	A0A0A1WFE6
ref_insect_A0A034VA95	reference	insect	A0A034VA95	A0A034VA95
ref_insect_A0A0K8UWD0	reference	insect	A0A0K8UWD0	A0A0K8UWD0
ref_insect_A0A1A9VVE4	reference	insect	A0A1A9VVE4	A0A1A9VVE4
ref_insect_A0A1A9XTG1	reference	insect	A0A1A9XTG1	A0A1A9XTG1
ref_insect_A0A1B0G312	reference	insect	A0A1B0G312	A0A1B0G312
ref_insect_B4NH17	reference	insect	B4NH17	B4NH17
ref_insect_A0A3B0K6B0	reference	insect	A0A3B0K6B0	A0A3B0K6B0
ref_insect_B4GNS0	reference	insect	B4GNS0	B4GNS0
ref_insect_B3M080	reference	insect	B3M080	B3M080
ref_insect_A0A1W4UJU4	reference	insect	A0A1W4UJU4	A0A1W4UJU4
ref_insect_B4PNB8	reference	insect	B4PNB8	B4PNB8
ref_insect_B4I007	reference	insect	B4I007	B4I007
ref_insect_B3P7R1	reference	insect	B3P7R1	B3P7R1
ref_insect_Q9V9Z3	reference	insect	Q9V9Z3	Q9V9Z3
ref_insect_B4K4J3	reference	insect	B4K4J3	B4K4J3
ref_insect_B4LW00	reference	insect	B4LW00	B4LW00
ref_insect_B4JI23	reference	insect	B4JI23	B4JI23
ref_insect_A0A1I8PDC6	reference	insect	A0A1I8PDC6	A0A1I8PDC6
ref_insect_A0A0M5J5L1	reference	insect	A0A0M5J5L1	A0A0M5J5L1
ref_insect_A0A0L0CEU7	reference	insect	A0A0L0CEU7	A0A0L0CEU7
ref_insect_T1P8F4	reference	insect	T1P8F4	T1P8F4
ref_insect_A0A1J1HPS1	reference	insect	A0A1J1HPS1	A0A1J1HPS1
ref_insect_A0A2M4BNT9	reference	insect	A0A2M4BNT9	A0A2M4BNT9
ref_insect_A0A2M3Z5P8	reference	insect	A0A2M3Z5P8	A0A2M3Z5P8
ref_insect_A0A2M4A8N0	reference	insect	A0A2M4A8N0	A0A2M4A8N0
ref_insect_A0A182Q2S2	reference	insect	A0A182Q2S2	A0A182Q2S2
ref_insect_A0A182JJT3	reference	insect	A0A182JJT3	A0A182JJT3
ref_insect_A0A2C9GPJ6	reference	insect	A0A2C9GPJ6	A0A2C9GPJ6
ref_insect_A0A140AZ69	reference	insect	A0A140AZ69	A0A140AZ69
ref_insect_A0A140AZ72	reference	insect	A0A140AZ72	A0A140AZ72
ref_insect_A0A140AZ76	reference	insect	A0A140AZ76	A0A140AZ76
ref_insect_A0A140AZ75	reference	insect	A0A140AZ75	A0A140AZ75
ref_insect_A0A140AZ68	reference	insect	A0A140AZ68	A0A140AZ68
ref_insect_A0A140AZ71	reference	insect	A0A140AZ71	A0A140AZ71
ref_insect_A0A140AZ74	reference	insect	A0A140AZ74	A0A140AZ74
ref_insect_A0A140AZ70	reference	insect	A0A140AZ70	A0A140AZ70
ref_insect_A0A140AZ66	reference	insect	A0A140AZ66	A0A140AZ66
ref_insect_A0A140AZ64	reference	insect	A0A140AZ64	A0A140AZ64
ref_insect_A0A140AZ63	reference	insect	A0A140AZ63	A0A140AZ63
ref_insect_A0A140AZ67	reference	insect	A0A140AZ67	A0A140AZ67
ref_insect_A0A140AZ65	reference	insect	A0A140AZ65	A0A140AZ65
ref_insect_A0A140AZ61	reference	insect	A0A140AZ61	A0A140AZ61
ref_insect_A0A140AZ62	reference	insect	A0A140AZ62	A0A140AZ62
ref_insect_A0A0A9YE00	reference	insect	A0A0A9YE00	A0A0A9YE00
ref_insect_A0A481Y8N8	reference	insect	A0A481Y8N8	A0A481Y8N8
ref_insect_A0A343W969	reference	insect	A0A343W969	A0A343W969
ref_insect_A0A411EX07	reference	insect	A0A411EX07	A0A411EX07
ref_insect_A0A386JV80	reference	insect	A0A386JV80	A0A386JV80
ref_insect_A0A386JV86	reference	insect	A0A386JV86	A0A386JV86
ref_insect_A0A1Y1N275	reference	insect	A0A1Y1N275	A0A1Y1N275
ref_insect_A0A1Y1MKW3	reference	insect	A0A1Y1MKW3	A0A1Y1MKW3
ref_insect_A0A1Y1KX19	reference	insect	A0A1Y1KX19	A0A1Y1KX19
ref_insect_A0A1Y1KZI4	reference	insect	A0A1Y1KZI4	A0A1Y1KZI4
ref_insect_A0A1Y1JRY3	reference	insect	A0A1Y1JRY3	A0A1Y1JRY3
ref_insect_A0A1Y1MBK9	reference	insect	A0A1Y1MBK9	A0A1Y1MBK9
ref_insect_A0A0N1IBM1	reference	insect	A0A0N1IBM1	A0A0N1IBM1
ref_insect_A0A0N0PE70	reference	insect	A0A0N0PE70	A0A0N0PE70
ref_insect_A0A0N1PFP8	reference	insect	A0A0N1PFP8	A0A0N1PFP8
ref_insect_A0A0N0PDW3	reference	insect	A0A0N0PDW3	A0A0N0PDW3
ref_insect_A0A194QJI9	reference	insect	A0A194QJI9	A0A194QJI9
ref_insect_A0A194QQ91	reference	insect	A0A194QQ91	A0A194QQ91
ref_insect_A0A0N0PBV2	reference	insect	A0A0N0PBV2	A0A0N0PBV2
ref_insect_A0A0N1IJ12	reference	insect	A0A0N1IJ12	A0A0N1IJ12
ref_insect_A0A194QGD2	reference	insect	A0A194QGD2	A0A194QGD2
ref_insect_A0A194QAU3	reference	insect	A0A194QAU3	A0A194QAU3
ref_insect_A0A0N1IP44	reference	insect	A0A0N1IP44	A0A0N1IP44
ref_insect_I4DRD5	reference	insect	I4DRD5	I4DRD5
ref_insect_B0VZB0	reference	insect	B0VZB0	B0VZB0
ref_insect_B0VZB0_2	reference	insect	B0VZB0	B0VZB0
ref_insect_A0A1I8Q9E8	reference	insect	A0A1I8Q9E8	A0A1I8Q9E8
ref_insect_A0A1I8PWU4	reference	insect	A0A1I8PWU4	A0A1I8PWU4
ref_insect_A0A1I8PCK3	reference	insect	A0A1I8PCK3	A0A1I8PCK3
ref_insect_A0A1I8PXF3	reference	insect	A0A1I8PXF3	A0A1I8PXF3
ref_insect_W8CDV9	reference	insect	W8CDV9	W8CDV9
ref_insect_A0A034WU06	reference	insect	A0A034WU06	A0A034WU06
ref_insect_A0A0K8WB74	reference	insect	A0A0K8WB74	A0A0K8WB74
ref_insect_W8BT29	reference	insect	W8BT29	W8BT29
ref_insect_A0A034UXD5	reference	insect	A0A034UXD5	A0A034UXD5
ref_insect_A0A0A1XCJ1	reference	insect	A0A0A1XCJ1	A0A0A1XCJ1
ref_insect_A0A1I8Q9M6	reference	insect	A0A1I8Q9M6	A0A1I8Q9M6
ref_insect_A0A1I8NBZ0	reference	insect	A0A1I8NBZ0	A0A1I8NBZ0
ref_insect_A0A1I8NJS9	reference	insect	A0A1I8NJS9	A0A1I8NJS9
ref_insect_A0A1I8Q3Z8	reference	insect	A0A1I8Q3Z8	A0A1I8Q3Z8
ref_insect_D2DGZ6	reference	insect	D2DGZ6	D2DGZ6
ref_insect_Q58GE8	reference	insect	Q58GE8	Q58GE8
ref_insect_A0A1Y1LMS0	reference	insect	A0A1Y1LMS0	A0A1Y1LMS0
ref_insect_A0A140AZ60	reference	insect	A0A140AZ60	A0A140AZ60
ref_insect_A0A140AZ59	reference	insect	A0A140AZ59	A0A140AZ59
ref_insect_A0A140AZ58	reference	insect	A0A140AZ58	A0A140AZ58
ref_insect_A0A1Y1NCX9	reference	insect	A0A1Y1NCX9	A0A1Y1NCX9
ref_insect_A0A482X4F3	reference	insect	A0A482X4F3	A0A482X4F3
ref_insect_A0A1Y1LCN7	reference	insect	A0A1Y1LCN7	A0A1Y1LCN7
ref_insect_A0A2H1WY54	reference	insect	A0A2H1WY54	A0A2H1WY54
ref_insect_A0A2A4IUH1	reference	insect	A0A2A4IUH1	A0A2A4IUH1
ref_insect_A0A2A4JEQ9	reference	insect	A0A2A4JEQ9	A0A2A4JEQ9
ref_insect_A0A0L7L6A6	reference	insect	A0A0L7L6A6	A0A0L7L6A6
ref_insect_A5A7A5	reference	insect	A5A7A5	A5A7A5
ref_insect_A5A7A6	reference	insect	A5A7A6	A5A7A6
ref_insect_A0A1W5ZM49	reference	insect	A0A1W5ZM49	A0A1W5ZM49
ref_insect_Q1X8X9	reference	insect	Q1X8X9	Q1X8X9
ref_insect_A0A0N1PIW0	reference	insect	A0A0N1PIW0	A0A0N1PIW0
ref_insect_A0A194QQ94	reference	insect	A0A194QQ94	A0A194QQ94
ref_insect_A0A212EVK2	reference	insect	A0A212EVK2	A0A212EVK2
ref_insect_A0A2A4JDM5	reference	insect	A0A2A4JDM5	A0A2A4JDM5
ref_insect_A0A2A4JF30	reference	insect	A0A2A4JF30	A0A2A4JF30
ref_insect_V9IKH4	reference	insect	V9IKH4	V9IKH4
ref_insect_E9IRN2	reference	insect	E9IRN2	E9IRN2
ref_insect_E9IQU2	reference	insect	E9IQU2	E9IQU2
ref_insect_A5A7A4	reference	insect	A5A7A4	A5A7A4
ref_insect_A0A1W5ZM48	reference	insect	A0A1W5ZM48	A0A1W5ZM48
ref_insect_A0A2H1WV31	reference	insect	A0A2H1WV31	A0A2H1WV31
ref_insect_A0A0R5Q896	reference	insect	A0A0R5Q896	A0A0R5Q896
ref_insect_A0A2A4JG86	reference	insect	A0A2A4JG86	A0A2A4JG86
ref_insect_Q1XAA9	reference	insect	Q1XAA9	Q1XAA9
ref_insect_O76820	reference	insect	O76820	O76820
ref_insect_Q1X8X8	reference	insect	Q1X8X8	Q1X8X8
ref_insect_A0A194QJJ2	reference	insect	A0A194QJJ2	A0A194QJJ2
ref_insect_A0A212EVH6	reference	insect	A0A212EVH6	A0A212EVH6
ref_insect_S4PI76	reference	insect	S4PI76	S4PI76
ref_insect_U5ETY6	reference	insect	U5ETY6	U5ETY6
ref_insect_A0A182IT14	reference	insect	A0A182IT14	A0A182IT14
ref_insect_A0A2M4CPQ8	reference	insect	A0A2M4CPQ8	A0A2M4CPQ8
ref_insect_W5J8W7	reference	insect	W5J8W7	W5J8W7
ref_insect_A0A2M4A321	reference	insect	A0A2M4A321	A0A2M4A321
ref_insect_A0A2M3Z093	reference	insect	A0A2M3Z093	A0A2M3Z093
ref_insect_A0A2M4BNI6	reference	insect	A0A2M4BNI6	A0A2M4BNI6
ref_insect_A0A182P468	reference	insect	A0A182P468	A0A182P468
ref_insect_A0A182QJE2	reference	insect	A0A182QJE2	A0A182QJE2
ref_insect_A0A182NK80	reference	insect	A0A182NK80	A0A182NK80
ref_insect_A0A182RF58	reference	insect	A0A182RF58	A0A182RF58
ref_insect_A0A182WLG4	reference	insect	A0A182WLG4	A0A182WLG4
ref_insect_A0A182YEJ2	reference	insect	A0A182YEJ2	A0A182YEJ2
ref_insect_A0A182JX98	reference	insect	A0A182JX98	A0A182JX98
ref_insect_A0A182WWX1	reference	insect	A0A182WWX1	A0A182WWX1
ref_insect_Q17F78	reference	insect	Q17F78	Q17F78
ref_insect_A0A023ES27	reference	insect	A0A023ES27	A0A023ES27
ref_insect_A0A1Q3FYU3	reference	insect	A0A1Q3FYU3	A0A1Q3FYU3
ref_insect_B0VZA8	reference	insect	B0VZA8	B0VZA8
ref_insect_A0A1A9WS63	reference	insect	A0A1A9WS63	A0A1A9WS63
ref_insect_A0A1A9Y0F9	reference	insect	A0A1A9Y0F9	A0A1A9Y0F9
ref_insect_D3TN21	reference	insect	D3TN21	D3TN21
ref_insect_A0A1I8Q064	reference	insect	A0A1I8Q064	A0A1I8Q064
ref_insect_B4MYB4	reference	insect	B4MYB4	B4MYB4
ref_insect_A0A0M4E5B7	reference	insect	A0A0M4E5B7	A0A0M4E5B7
ref_insect_A0A3B0J0A8	reference	insect	A0A3B0J0A8	A0A3B0J0A8
ref_insect_B4GGH4	reference	insect	B4GGH4	B4GGH4
ref_insect_B3MF90	reference	insect	B3MF90	B3MF90
ref_insect_B3NSI9	reference	insect	B3NSI9	B3NSI9
ref_insect_A0A1W4UGM3	reference	insect	A0A1W4UGM3	A0A1W4UGM3
ref_insect_A0A0J9RAD0	reference	insect	A0A0J9RAD0	A0A0J9RAD0
ref_insect_B4QB76	reference	insect	B4QB76	B4QB76
ref_insect_B4KR78	reference	insect	B4KR78	B4KR78
ref_insect_A0A484BQ04	reference	insect	A0A484BQ04	A0A484BQ04
ref_insect_B4J8V8	reference	insect	B4J8V8	B4J8V8
ref_insect_B4MFG4	reference	insect	B4MFG4	B4MFG4
ref_insect_A0A0L0C1A4	reference	insect	A0A0L0C1A4	A0A0L0C1A4
ref_insect_T1PHW2	reference	insect	T1PHW2	T1PHW2
ref_insect_A0A1I8P502	reference	insect	A0A1I8P502	A0A1I8P502
ref_insect_A0A1I8P557	reference	insect	A0A1I8P557	A0A1I8P557
ref_insect_A0A1I8QC75	reference	insect	A0A1I8QC75	A0A1I8QC75
ref_insect_A0A1I8P9H1	reference	insect	A0A1I8P9H1	A0A1I8P9H1
ref_insect_A0A1I8Q9H8	reference	insect	A0A1I8Q9H8	A0A1I8Q9H8
ref_insect_W8ANY3	reference	insect	W8ANY3	W8ANY3
ref_insect_W8BGW1	reference	insect	W8BGW1	W8BGW1
ref_insect_A0A0A1XA06	reference	insect	A0A0A1XA06	A0A0A1XA06
ref_insect_A0A034WRK8	reference	insect	A0A034WRK8	A0A034WRK8
ref_insect_A0A0K8V1D2	reference	insect	A0A0K8V1D2	A0A0K8V1D2
ref_insect_E9J201	reference	insect	E9J201	E9J201
ref_insect_E9ICT6	reference	insect	E9ICT6	E9ICT6
ref_insect_E9J6I9	reference	insect	E9J6I9	E9J6I9
ref_insect_E9ILC8	reference	insect	E9ILC8	E9ILC8
ref_insect_E9ISI7	reference	insect	E9ISI7	E9ISI7
ref_insect_E2BPW3	reference	insect	E2BPW3	E2BPW3
ref_insect_E9ICP5	reference	insect	E9ICP5	E9ICP5
ref_insect_A0A0L7QWI9	reference	insect	A0A0L7QWI9	A0A0L7QWI9
ref_insect_I1VX06	reference	insect	I1VX06	I1VX06
ref_insect_A0A0N0U4R1	reference	insect	A0A0N0U4R1	A0A0N0U4R1
ref_insect_E9ICP4	reference	insect	E9ICP4	E9ICP4
ref_insect_E9IQC1	reference	insect	E9IQC1	E9IQC1
ref_insect_A0A151X882	reference	insect	A0A151X882	A0A151X882
ref_insect_A0A158NL99	reference	insect	A0A158NL99	A0A158NL99
ref_insect_A0A151IRW6	reference	insect	A0A151IRW6	A0A151IRW6
ref_insect_F4WXE6	reference	insect	F4WXE6	F4WXE6
ref_insect_A0A195F4T5	reference	insect	A0A195F4T5	A0A195F4T5
ref_insect_A0A195C3Y5	reference	insect	A0A195C3Y5	A0A195C3Y5
ref_insect_A0A195C219	reference	insect	A0A195C219	A0A195C219
ref_insect_A0A232EKP8	reference	insect	A0A232EKP8	A0A232EKP8
ref_insect_A0A151IAJ0	reference	insect	A0A151IAJ0	A0A151IAJ0
ref_insect_A0A151IAI2	reference	insect	A0A151IAI2	A0A151IAI2
ref_insect_A0A195C2R7	reference	insect	A0A195C2R7	A0A195C2R7
ref_insect_A0A026VZ84	reference	insect	A0A026VZ84	A0A026VZ84
ref_insect_E2B2E9	reference	insect	E2B2E9	E2B2E9
ref_insect_E2B1K5	reference	insect	E2B1K5	E2B1K5
ref_insect_E9J5F5	reference	insect	E9J5F5	E9J5F5
ref_insect_A0A151WT49	reference	insect	A0A151WT49	A0A151WT49
ref_insect_A0A151WTB1	reference	insect	A0A151WTB1	A0A151WTB1
ref_insect_A0A151IS21	reference	insect	A0A151IS21	A0A151IS21
ref_insect_A0A158NRX0	reference	insect	A0A158NRX0	A0A158NRX0
ref_insect_A0A195BVT4	reference	insect	A0A195BVT4	A0A195BVT4
ref_insect_A0A151IRZ5	reference	insect	A0A151IRZ5	A0A151IRZ5
ref_insect_F4WXE7	reference	insect	F4WXE7	F4WXE7
ref_insect_A0A195C1Y4	reference	insect	A0A195C1Y4	A0A195C1Y4
ref_insect_A0A151X823	reference	insect	A0A151X823	A0A151X823
ref_insect_A0A0A9Z8Q6	reference	insect	A0A0A9Z8Q6	A0A0A9Z8Q6
ref_insect_A0A0P4VIE8	reference	insect	A0A0P4VIE8	A0A0P4VIE8
ref_insect_A0A023F3V7	reference	insect	A0A023F3V7	A0A023F3V7
ref_insect_A0A069DS92	reference	insect	A0A069DS92	A0A069DS92
ref_insect_A0A0V0GE53	reference	insect	A0A0V0GE53	A0A0V0GE53
ref_insect_A0A343W970	reference	insect	A0A343W970	A0A343W970
ref_insect_A0A386JVA3	reference	insect	A0A386JVA3	A0A386JVA3
ref_insect_A0A411EWK3	reference	insect	A0A411EWK3	A0A411EWK3
ref_insect_A0A2H1VJC4	reference	insect	A0A2H1VJC4	A0A2H1VJC4
ref_insect_A0A1L8DZI7	reference	insect	A0A1L8DZI7	A0A1L8DZI7
ref_insect_A0A1L8DZJ2	reference	insect	A0A1L8DZJ2	A0A1L8DZJ2
ref_insect_A0A1B6E8U3	reference	insect	A0A1B6E8U3	A0A1B6E8U3
ref_insect_A0A1B6M5C1	reference	insect	A0A1B6M5C1	A0A1B6M5C1
ref_insect_A0A1B6K964	reference	insect	A0A1B6K964	A0A1B6K964
ref_insect_A0A1B6GXY7	reference	insect	A0A1B6GXY7	A0A1B6GXY7
ref_insect_A0A1B6I6M4	reference	insect	A0A1B6I6M4	A0A1B6I6M4
ref_insect_A0A1B6IA47	reference	insect	A0A1B6IA47	A0A1B6IA47
ref_insect_A0A3Q0IYI5	reference	insect	A0A3Q0IYI5	A0A3Q0IYI5
ref_insect_A0A4Y1S1N5	reference	insect	A0A4Y1S1N5	A0A4Y1S1N5
ref_insect_A0A4Y1S212	reference	insect	A0A4Y1S212	A0A4Y1S212
ref_insect_A0A2P8ZM10	reference	insect	A0A2P8ZM10	A0A2P8ZM10
ref_insect_A0A067RTI2	reference	insect	A0A067RTI2	A0A067RTI2
ref_insect_A0A2J7PU44	reference	insect	A0A2J7PU44	A0A2J7PU44
ref_insect_A0A2J7PU57	reference	insect	A0A2J7PU57	A0A2J7PU57
ref_insect_A0A2J7PU49	reference	insect	A0A2J7PU49	A0A2J7PU49
ref_insect_A0A4Y1S1R4	reference	insect	A0A4Y1S1R4	A0A4Y1S1R4
ref_insect_A0A336K2X4	reference	insect	A0A336K2X4	A0A336K2X4
ref_insect_E0VQL3	reference	insect	E0VQL3	E0VQL3
ref_insect_Q58GE9	reference	insect	Q58GE9	Q58GE9
ref_insect_Q56CY8	reference	insect	Q56CY8	Q56CY8
ref_insect_A0A0N9EI79	reference	insect	A0A0N9EI79	A0A0N9EI79
ref_insect_A0A5B7LHA8	reference	insect	A0A5B7LHA8	A0A5B7LHA8
ref_insect_Q56CY7	reference	insect	Q56CY7	Q56CY7
ref_insect_I1VJ84	reference	insect	I1VJ84	I1VJ84
ref_insect_A0A140AZ53	reference	insect	A0A140AZ53	A0A140AZ53
ref_insect_A0A140AZ52	reference	insect	A0A140AZ52	A0A140AZ52
ref_insect_M1JS91	reference	insect	M1JS91	M1JS91
ref_insect_A0A140AZ54	reference	insect	A0A140AZ54	A0A140AZ54
ref_insect_V5I8U9	reference	insect	V5I8U9	V5I8U9
ref_insect_J9QQQ8	reference	insect	J9QQQ8	J9QQQ8
ref_insect_A0A0H4IUW5	reference	insect	A0A0H4IUW5	A0A0H4IUW5
ref_insect_A0A140AZ57	reference	insect	A0A140AZ57	A0A140AZ57
ref_insect_A0A140AZ56	reference	insect	A0A140AZ56	A0A140AZ56
ref_insect_A0A140AZ55	reference	insect	A0A140AZ55	A0A140AZ55
ref_insect_A0A0T6B7F0	reference	insect	A0A0T6B7F0	A0A0T6B7F0
ref_insect_A0A1Y1LLN4	reference	insect	A0A1Y1LLN4	A0A1Y1LLN4
ref_insect_A0A482VKI0	reference	insect	A0A482VKI0	A0A482VKI0
ref_insect_A0A482VQY3	reference	insect	A0A482VQY3	A0A482VQY3
ref_insect_A0A0U2D675	reference	insect	A0A0U2D675	A0A0U2D675
ref_insect_A0A1L1VVV1	reference	insect	A0A1L1VVV1	A0A1L1VVV1
ref_insect_A0A075D844	reference	insect	A0A075D844	A0A075D844
ref_insect_J9K2T3	reference	insect	J9K2T3	J9K2T3
ref_insect_A9Z1D4	reference	insect	A9Z1D4	A9Z1D4
ref_insect_G0YZR4	reference	insect	G0YZR4	G0YZR4
ref_insect_A0A5E4MEV1	reference	insect	A0A5E4MEV1	A0A5E4MEV1
ref_insect_A0A2S2QJR0	reference	insect	A0A2S2QJR0	A0A2S2QJR0
ref_insect_A0A2H8TTC7	reference	insect	A0A2H8TTC7	A0A2H8TTC7
ref_insect_G0YZR3	reference	insect	G0YZR3	G0YZR3
ref_insect_Q1X879	reference	insect	Q1X879	Q1X879
ref_insect_C7EY43	reference	insect	C7EY43	C7EY43
ref_insect_C7EY44	reference	insect	C7EY44	C7EY44
ref_insect_Q1X878	reference	insect	Q1X878	Q1X878
ref_insect_A9Z1D3	reference	insect	A9Z1D3	A9Z1D3
ref_insect_J9JIS7	reference	insect	J9JIS7	J9JIS7
ref_insect_Q1X877	reference	insect	Q1X877	Q1X877
ref_insect_A0A151XJ30	reference	insect	A0A151XJ30	A0A151XJ30
ref_insect_A0A026WU84	reference	insect	A0A026WU84	A0A026WU84
ref_insect_A0A151IAG6	reference	insect	A0A151IAG6	A0A151IAG6
ref_insect_A0A158NEW9	reference	insect	A0A158NEW9	A0A158NEW9
ref_insect_A0A195BX07	reference	insect	A0A195BX07	A0A195BX07
ref_insect_A0A2A3EBR8	reference	insect	A0A2A3EBR8	A0A2A3EBR8
ref_insect_I1VX07	reference	insect	I1VX07	I1VX07
ref_insect_A0A310SLK9	reference	insect	A0A310SLK9	A0A310SLK9
ref_insect_A0A0M8ZS59	reference	insect	A0A0M8ZS59	A0A0M8ZS59
ref_insect_A0A5E4QMM2	reference	insect	A0A5E4QMM2	A0A5E4QMM2
ref_insect_A0A437B6N7	reference	insect	A0A437B6N7	A0A437B6N7
ref_insect_H9IYR7	reference	insect	H9IYR7	H9IYR7
ref_insect_A0A2A4ITZ5	reference	insect	A0A2A4ITZ5	A0A2A4ITZ5
ref_insect_U3RD44	reference	insect	U3RD44	U3RD44
ref_insect_A0A194QHL4	reference	insect	A0A194QHL4	A0A194QHL4
ref_insect_A0A0H4ISG7	reference	insect	A0A0H4ISG7	A0A0H4ISG7
ref_insect_U5LIM4	reference	insect	U5LIM4	U5LIM4
ref_insect_A0A481MT50	reference	insect	A0A481MT50	A0A481MT50
ref_insect_A0A5B7LGH7	reference	insect	A0A5B7LGH7	A0A5B7LGH7
ref_insect_T1DSZ4	reference	insect	T1DSZ4	T1DSZ4
ref_insect_I1VJ86	reference	insect	I1VJ86	I1VJ86
ref_insect_A0A1Y1MW61	reference	insect	A0A1Y1MW61	A0A1Y1MW61
ref_insect_A0A482WBU7	reference	insect	A0A482WBU7	A0A482WBU7
ref_insect_D6WD18	reference	insect	D6WD18	D6WD18
ref_insect_A0A1Q3G1Q3	reference	insect	A0A1Q3G1Q3	A0A1Q3G1Q3
ref_insect_Q17BN5	reference	insect	Q17BN5	Q17BN5
ref_insect_A0A023EMV6	reference	insect	A0A023EMV6	A0A023EMV6
ref_insect_A0A1A9UJ73	reference	insect	A0A1A9UJ73	A0A1A9UJ73
ref_insect_A0A1A9X0N2	reference	insect	A0A1A9X0N2	A0A1A9X0N2
ref_insect_B4MLE5	reference	insect	B4MLE5	B4MLE5
ref_insect_A0A3B0JVW8	reference	insect	A0A3B0JVW8	A0A3B0JVW8
ref_insect_O61539	reference	insect	O61539	O61539
ref_insect_B3NFE8	reference	insect	B3NFE8	B3NFE8
ref_insect_A0A1W4UU58	reference	insect	A0A1W4UU58	A0A1W4UU58
ref_insect_A0A484BZS5	reference	insect	A0A484BZS5	A0A484BZS5
ref_insect_B4LFC3	reference	insect	B4LFC3	B4LFC3
ref_insect_B4J366	reference	insect	B4J366	B4J366
ref_insect_W8BQH9	reference	insect	W8BQH9	W8BQH9
ref_insect_A0A0A1XDF0	reference	insect	A0A0A1XDF0	A0A0A1XDF0
ref_insect_A0A0K8V540	reference	insect	A0A0K8V540	A0A0K8V540
ref_insect_A0A0K8W716	reference	insect	A0A0K8W716	A0A0K8W716
ref_insect_A0A0L0CBX2	reference	insect	A0A0L0CBX2	A0A0L0CBX2
ref_insect_T1PDN7	reference	insect	T1PDN7	T1PDN7
ref_insect_A0A1I8QCM2	reference	insect	A0A1I8QCM2	A0A1I8QCM2
ref_insect_A0A1I8QCS2	reference	insect	A0A1I8QCS2	A0A1I8QCS2
ref_insect_A0A336LC35	reference	insect	A0A336LC35	A0A336LC35
ref_insect_A0A0K8TSQ4	reference	insect	A0A0K8TSQ4	A0A0K8TSQ4
ref_insect_A0A1J1J494	reference	insect	A0A1J1J494	A0A1J1J494
ref_insect_A0A182PIN4	reference	insect	A0A182PIN4	A0A182PIN4
ref_insect_A0A182JV36	reference	insect	A0A182JV36	A0A182JV36
ref_insect_A0A182I6L5	reference	insect	A0A182I6L5	A0A182I6L5
ref_insect_A0A2M3ZBB2	reference	insect	A0A2M3ZBB2	A0A2M3ZBB2
ref_insect_A0A182YSF5	reference	insect	A0A182YSF5	A0A182YSF5
ref_insect_A0A182ITN7	reference	insect	A0A182ITN7	A0A182ITN7
ref_insect_A0A084VDZ6	reference	insect	A0A084VDZ6	A0A084VDZ6
ref_insect_A0A182QLX9	reference	insect	A0A182QLX9	A0A182QLX9
ref_insect_A0A182RJG1	reference	insect	A0A182RJG1	A0A182RJG1
ref_insect_A0A182M6F1	reference	insect	A0A182M6F1	A0A182M6F1
ref_insect_A0A182WBD9	reference	insect	A0A182WBD9	A0A182WBD9
ref_insect_A0A4Y1S3C9	reference	insect	A0A4Y1S3C9	A0A4Y1S3C9
ref_insect_E9RFD4	reference	insect	E9RFD4	E9RFD4
ref_insect_E0VT01	reference	insect	E0VT01	E0VT01
ref_insect_A0A2R7W8S3	reference	insect	A0A2R7W8S3	A0A2R7W8S3
ref_insect_A0A0K8T603	reference	insect	A0A0K8T603	A0A0K8T603
ref_insect_A0A4P6D942	reference	insect	A0A4P6D942	A0A4P6D942
ref_insect_A0A023F5X7	reference	insect	A0A023F5X7	A0A023F5X7
ref_insect_J9JRD4	reference	insect	J9JRD4	J9JRD4
ref_insect_A0A2S2QU44	reference	insect	A0A2S2QU44	A0A2S2QU44
ref_insect_A0A2S2P6M8	reference	insect	A0A2S2P6M8	A0A2S2P6M8
ref_insect_V5UVK1	reference	insect	V5UVK1	V5UVK1
ref_insect_A0A2H8TZ27	reference	insect	A0A2H8TZ27	A0A2H8TZ27
ref_insect_A0A3Q0IN35	reference	insect	A0A3Q0IN35	A0A3Q0IN35
ref_insect_A0A482X709	reference	insect	A0A482X709	A0A482X709
ref_insect_A0A2P8YBB0	reference	insect	A0A2P8YBB0	A0A2P8YBB0
ref_insect_A0A4Y1S363	reference	insect	A0A4Y1S363	A0A4Y1S363
ref_insect_A0A2J7Q2Y4	reference	insect	A0A2J7Q2Y4	A0A2J7Q2Y4
ref_insect_A0A067QSW5	reference	insect	A0A067QSW5	A0A067QSW5
ref_insect_A0A1B6DVR6	reference	insect	A0A1B6DVR6	A0A1B6DVR6
ref_insect_A0A7D0AGU9	reference	insect	A0A7D0AGU9	A0A7D0AGU9
ref_insect_A0A1B6KW37	reference	insect	A0A1B6KW37	A0A1B6KW37
ref_insect_A0A1B6JNR0	reference	insect	A0A1B6JNR0	A0A1B6JNR0
ref_insect_PQ349591	reference	insect	PQ349591	PQ349591
ref_insect_PQ349591_2	reference	insect	PQ349591	PQ349591 A new protein sequence entered manually
ref_insect_PQ349592	reference	insect	PQ349592	PQ349592 A new protein sequence entered manually
ref_insect_PQ349593	reference	insect	PQ349593	PQ349593 A new protein sequence entered manually
ref_insect_A0A1A9VJM7	reference	insect	A0A1A9VJM7	A0A1A9VJM7
ref_insect_N6U5R3	reference	insect	N6U5R3	N6U5R3
ref_insect_A0A212FAI7	reference	insect	A0A212FAI7	A0A212FAI7
ref_insect_A0A5E4R100	reference	insect	A0A5E4R100	A0A5E4R100
ref_insect_A0A5E4QLI9	reference	insect	A0A5E4QLI9	A0A5E4QLI9
ref_insect_HMEL037106	reference	insect	HMEL037106	HMEL037106
ref_insect_HMEL037108	reference	insect	HMEL037108	HMEL037108
ref_insect_A0A151IAG2	reference	insect	A0A151IAG2	A0A151IAG2
ref_insect_A0A158NEW8	reference	insect	A0A158NEW8	A0A158NEW8
ref_insect_A0A195FL02	reference	insect	A0A195FL02	A0A195FL02
ref_insect_A0A195EHN9	reference	insect	A0A195EHN9	A0A195EHN9
ref_insect_A0A151JA14	reference	insect	A0A151JA14	A0A151JA14
ref_insect_A0A195END3	reference	insect	A0A195END3	A0A195END3
ref_insect_A0A4Y1S1K3	reference	insect	A0A4Y1S1K3	A0A4Y1S1K3
ref_insect_A1IIW5	reference	insect	A1IIW5	A1IIW5
ref_insect_A1IIW7	reference	insect	A1IIW7	A1IIW7
ref_insect_A0A4Y1S2P2	reference	insect	A0A4Y1S2P2	A0A4Y1S2P2
ref_insect_A1IIV9	reference	insect	A1IIV9	A1IIV9
ref_insect_A0A4C2ADB1	reference	insect	A0A4C2ADB1	A0A4C2ADB1
ref_insect_Q178F6	reference	insect	Q178F6	Q178F6
ref_insect_A0A026WFX6	reference	insect	A0A026WFX6	A0A026WFX6
ref_insect_E2BA75	reference	insect	E2BA75	E2BA75
ref_plant_UPQ49770.1	reference	plant	UPQ49770.1	UPQ49770.1
ref_plant_UPQ49783.1	reference	plant	UPQ49783.1	UPQ49783.1
ref_plant_UPQ49771.1	reference	plant	UPQ49771.1	UPQ49771.1
ref_plant_UPQ49777.1	reference	plant	UPQ49777.1	UPQ49777.1
ref_plant_UPQ49772.1	reference	plant	UPQ49772.1	UPQ49772.1
ref_plant_APP91794.1	reference	plant	APP91794.1	APP91794.1
ref_plant_APP91796.1	reference	plant	APP91796.1	APP91796.1
ref_plant_APP91795.1	reference	plant	APP91795.1	APP91795.1
ref_plant_UPQ49785.1	reference	plant	UPQ49785.1	UPQ49785.1
ref_plant_UPQ49778.1	reference	plant	UPQ49778.1	UPQ49778.1
ref_plant_UPQ49773.1	reference	plant	UPQ49773.1	UPQ49773.1
ref_plant_BAJ39816.1	reference	plant	BAJ39816.1	BAJ39816.1
ref_plant_A5A8G0.1	reference	plant	A5A8G0.1	A5A8G0.1
ref_plant_Q38802.1	reference	plant	Q38802.1	Q38802.1
ref_plant_UPQ49774.1	reference	plant	UPQ49774.1	UPQ49774.1
ref_plant_UPQ49788.1	reference	plant	UPQ49788.1	UPQ49788.1
ref_plant_UPQ49789.1	reference	plant	UPQ49789.1	UPQ49789.1
ref_plant_MN868309.1	reference	plant	MN868309.1	MN868309.1
ref_plant_MN868310.1	reference	plant	MN868310.1	MN868310.1
ref_plant_MN868311.1	reference	plant	MN868311.1	MN868311.1
ref_plant_MN868308.1	reference	plant	MN868308.1	MN868308.1
ref_plant_APB88779.1	reference	plant	APB88779.1	APB88779.1
ref_plant_APB88780.1	reference	plant	APB88780.1	APB88780.1
ref_plant_APB88775.1	reference	plant	APB88775.1	APB88775.1
ref_plant_APB88781.1	reference	plant	APB88781.1	APB88781.1
ref_plant_APB88773.1	reference	plant	APB88773.1	APB88773.1
ref_plant_APB88778.1	reference	plant	APB88778.1	APB88778.1
ref_plant_APB88774.1	reference	plant	APB88774.1	APB88774.1
ref_plant_APB88777.1	reference	plant	APB88777.1	APB88777.1
ref_plant_APB88776.1	reference	plant	APB88776.1	APB88776.1
ref_plant_AFP23421.1	reference	plant	AFP23421.1	AFP23421.1
ref_plant_ADR74209.1	reference	plant	ADR74209.1	ADR74209.1
ref_plant_AGB14628.1	reference	plant	AGB14628.1	AGB14628.1
ref_plant_AEP82768.1	reference	plant	AEP82768.1	AEP82768.1
ref_plant_NP_001268216.1	reference	plant	NP_001268216.1	NP_001268216.1
ref_plant_AAX19772.1	reference	plant	AAX19772.1	AAX19772.1
ref_plant_AAT70237.1	reference	plant	AAT70237.1	AAT70237.1
ref_plant_AAO41727.1	reference	plant	AAO41727.1	AAO41727.1
ref_plant_NP_176361.2	reference	plant	NP_176361.2	NP_176361.2
ref_plant_AEE92791.1	reference	plant	AEE92791.1	AEE92791.1
ref_plant_NP_001105854.1	reference	plant	NP_001105854.1	NP_001105854.1
candidate_all_tps_SRR17260582_NODE_20047_length_1985_cov_320.892782_g4313_i4_2	candidate	candidate	all_tps|SRR17260582_NODE_20047_length_1985_cov_320.892782_g4313_i4_2	all_tps|SRR17260582_NODE_20047_length_1985_cov_320.892782_g4313_i4_2
candidate_all_tps_SRR17260582_NODE_15328_length_2385_cov_286.957612_g4313_i3_1	candidate	candidate	all_tps|SRR17260582_NODE_15328_length_2385_cov_286.957612_g4313_i3_1	all_tps|SRR17260582_NODE_15328_length_2385_cov_286.957612_g4313_i3_1
candidate_all_tps_SRR17260582_NODE_31396_length_1279_cov_199.950249_g6219_i6_1	candidate	candidate	all_tps|SRR17260582_NODE_31396_length_1279_cov_199.950249_g6219_i6_1	all_tps|SRR17260582_NODE_31396_length_1279_cov_199.950249_g6219_i6_1
candidate_all_tps_SRR15783032_NODE_16784_length_2455_cov_148.531066_g11155_i0_1	candidate	candidate	all_tps|SRR15783032_NODE_16784_length_2455_cov_148.531066_g11155_i0_1	all_tps|SRR15783032_NODE_16784_length_2455_cov_148.531066_g11155_i0_1
candidate_all_tps_SRR15421816_NODE_41117_length_2104_cov_130.783455_g13938_i0_2	candidate	candidate	all_tps|SRR15421816_NODE_41117_length_2104_cov_130.783455_g13938_i0_2	all_tps|SRR15421816_NODE_41117_length_2104_cov_130.783455_g13938_i0_2
candidate_all_tps_SRR15421816_NODE_55739_length_1710_cov_119.429259_g20062_i0_1	candidate	candidate	all_tps|SRR15421816_NODE_55739_length_1710_cov_119.429259_g20062_i0_1	all_tps|SRR15421816_NODE_55739_length_1710_cov_119.429259_g20062_i0_1
candidate_all_tps_ERR3026435_NODE_12514_length_1565_cov_109.590495_g9996_i0_1	candidate	candidate	all_tps|ERR3026435_NODE_12514_length_1565_cov_109.590495_g9996_i0_1	all_tps|ERR3026435_NODE_12514_length_1565_cov_109.590495_g9996_i0_1
candidate_all_tps_SRR15421486_NODE_27823_length_1922_cov_103.642285_g12622_i0_1	candidate	candidate	all_tps|SRR15421486_NODE_27823_length_1922_cov_103.642285_g12622_i0_1	all_tps|SRR15421486_NODE_27823_length_1922_cov_103.642285_g12622_i0_1
candidate_all_tps_SRR15421486_NODE_35458_length_1649_cov_83.206875_g12622_i1_2	candidate	candidate	all_tps|SRR15421486_NODE_35458_length_1649_cov_83.206875_g12622_i1_2	all_tps|SRR15421486_NODE_35458_length_1649_cov_83.206875_g12622_i1_2
candidate_all_tps_SRR17260582_NODE_11876_length_2767_cov_70.864143_g753_i11_1	candidate	candidate	all_tps|SRR17260582_NODE_11876_length_2767_cov_70.864143_g753_i11_1	all_tps|SRR17260582_NODE_11876_length_2767_cov_70.864143_g753_i11_1
candidate_all_tps_ERR3026435_NODE_15632_length_1375_cov_67.028975_g12576_i0_1	candidate	candidate	all_tps|ERR3026435_NODE_15632_length_1375_cov_67.028975_g12576_i0_1	all_tps|ERR3026435_NODE_15632_length_1375_cov_67.028975_g12576_i0_1
candidate_all_tps_SRR13068648_NODE_5499_length_3587_cov_61.901639_g3097_i0_1	candidate	candidate	all_tps|SRR13068648_NODE_5499_length_3587_cov_61.901639_g3097_i0_1	all_tps|SRR13068648_NODE_5499_length_3587_cov_61.901639_g3097_i0_1
candidate_all_tps_SRR15783032_NODE_22018_length_2147_cov_59.377049_g14831_i0_1	candidate	candidate	all_tps|SRR15783032_NODE_22018_length_2147_cov_59.377049_g14831_i0_1	all_tps|SRR15783032_NODE_22018_length_2147_cov_59.377049_g14831_i0_1
candidate_all_tps_SRR15421489_NODE_21571_length_2301_cov_55.607904_g7986_i0_1	candidate	candidate	all_tps|SRR15421489_NODE_21571_length_2301_cov_55.607904_g7986_i0_1	all_tps|SRR15421489_NODE_21571_length_2301_cov_55.607904_g7986_i0_1
candidate_all_tps_SRR15783032_NODE_15046_length_2580_cov_53.078580_g9995_i0_1	candidate	candidate	all_tps|SRR15783032_NODE_15046_length_2580_cov_53.078580_g9995_i0_1	all_tps|SRR15783032_NODE_15046_length_2580_cov_53.078580_g9995_i0_1
candidate_all_tps_SRR15421486_NODE_27193_length_1946_cov_45.933579_g12305_i0_1	candidate	candidate	all_tps|SRR15421486_NODE_27193_length_1946_cov_45.933579_g12305_i0_1	all_tps|SRR15421486_NODE_27193_length_1946_cov_45.933579_g12305_i0_1
candidate_all_tps_ERR4669811_NODE_41483_length_2142_cov_39.915910_g18335_i0_1	candidate	candidate	all_tps|ERR4669811_NODE_41483_length_2142_cov_39.915910_g18335_i0_1	all_tps|ERR4669811_NODE_41483_length_2142_cov_39.915910_g18335_i0_1
candidate_all_tps_SRR17260582_NODE_21309_length_1893_cov_32.774725_g9463_i0_1	candidate	candidate	all_tps|SRR17260582_NODE_21309_length_1893_cov_32.774725_g9463_i0_1	all_tps|SRR17260582_NODE_21309_length_1893_cov_32.774725_g9463_i0_1
candidate_all_tps_SRR13068648_NODE_4158_length_4077_cov_31.377358_g101_i2_1	candidate	candidate	all_tps|SRR13068648_NODE_4158_length_4077_cov_31.377358_g101_i2_1	all_tps|SRR13068648_NODE_4158_length_4077_cov_31.377358_g101_i2_1
candidate_all_tps_SRR15783032_NODE_36846_length_1593_cov_28.878947_g25566_i0_1	candidate	candidate	all_tps|SRR15783032_NODE_36846_length_1593_cov_28.878947_g25566_i0_1	all_tps|SRR15783032_NODE_36846_length_1593_cov_28.878947_g25566_i0_1
candidate_all_tps_SRR17260582_NODE_24162_length_1699_cov_25.423124_g9486_i1_1	candidate	candidate	all_tps|SRR17260582_NODE_24162_length_1699_cov_25.423124_g9486_i1_1	all_tps|SRR17260582_NODE_24162_length_1699_cov_25.423124_g9486_i1_1
candidate_all_tps_SRR15421486_NODE_26714_length_1967_cov_25.068300_g12080_i0_2	candidate	candidate	all_tps|SRR15421486_NODE_26714_length_1967_cov_25.068300_g12080_i0_2	all_tps|SRR15421486_NODE_26714_length_1967_cov_25.068300_g12080_i0_2
candidate_all_tps_ERR4669811_NODE_55110_length_1727_cov_22.428486_g26218_i0_1	candidate	candidate	all_tps|ERR4669811_NODE_55110_length_1727_cov_22.428486_g26218_i0_1	all_tps|ERR4669811_NODE_55110_length_1727_cov_22.428486_g26218_i0_1
candidate_all_tps_SRR17260582_NODE_21358_length_1890_cov_21.439185_g9486_i0_1	candidate	candidate	all_tps|SRR17260582_NODE_21358_length_1890_cov_21.439185_g9486_i0_1	all_tps|SRR17260582_NODE_21358_length_1890_cov_21.439185_g9486_i0_1
candidate_all_tps_SRR13068648_NODE_17151_length_1903_cov_21.417476_g9532_i0_1	candidate	candidate	all_tps|SRR13068648_NODE_17151_length_1903_cov_21.417476_g9532_i0_1	all_tps|SRR13068648_NODE_17151_length_1903_cov_21.417476_g9532_i0_1
candidate_all_tps_SRR15421489_NODE_43178_length_1425_cov_20.694767_g16932_i0_1	candidate	candidate	all_tps|SRR15421489_NODE_43178_length_1425_cov_20.694767_g16932_i0_1	all_tps|SRR15421489_NODE_43178_length_1425_cov_20.694767_g16932_i0_1
candidate_all_tps_SRR15783032_NODE_29565_length_1834_cov_19.863714_g20238_i0_1	candidate	candidate	all_tps|SRR15783032_NODE_29565_length_1834_cov_19.863714_g20238_i0_1	all_tps|SRR15783032_NODE_29565_length_1834_cov_19.863714_g20238_i0_1
candidate_all_tps_SRR12876613_NODE_4686_length_1645_cov_18.020677_g4683_i0_2	candidate	candidate	all_tps|SRR12876613_NODE_4686_length_1645_cov_18.020677_g4683_i0_2	all_tps|SRR12876613_NODE_4686_length_1645_cov_18.020677_g4683_i0_2
candidate_all_tps_SRR17260582_NODE_25295_length_1625_cov_14.597938_g11165_i0_1	candidate	candidate	all_tps|SRR17260582_NODE_25295_length_1625_cov_14.597938_g11165_i0_1	all_tps|SRR17260582_NODE_25295_length_1625_cov_14.597938_g11165_i0_1
candidate_all_tps_ERR4669814_NODE_28423_length_2113_cov_14.561047_g14889_i0_1	candidate	candidate	all_tps|ERR4669814_NODE_28423_length_2113_cov_14.561047_g14889_i0_1	all_tps|ERR4669814_NODE_28423_length_2113_cov_14.561047_g14889_i0_1
candidate_all_tps_ERR4669814_NODE_2575_length_6439_cov_14.400469_g623_i2_4	candidate	candidate	all_tps|ERR4669814_NODE_2575_length_6439_cov_14.400469_g623_i2_4	all_tps|ERR4669814_NODE_2575_length_6439_cov_14.400469_g623_i2_4
candidate_all_tps_SRR12573944_NODE_9952_length_2159_cov_12.348341_g7958_i0_1	candidate	candidate	all_tps|SRR12573944_NODE_9952_length_2159_cov_12.348341_g7958_i0_1	all_tps|SRR12573944_NODE_9952_length_2159_cov_12.348341_g7958_i0_1
candidate_all_tps_SRR15783032_NODE_54800_length_1142_cov_12.321796_g11615_i3_1	candidate	candidate	all_tps|SRR15783032_NODE_54800_length_1142_cov_12.321796_g11615_i3_1	all_tps|SRR15783032_NODE_54800_length_1142_cov_12.321796_g11615_i3_1
candidate_all_tps_SRR15421489_NODE_43185_length_1425_cov_12.231105_g16935_i0_1	candidate	candidate	all_tps|SRR15421489_NODE_43185_length_1425_cov_12.231105_g16935_i0_1	all_tps|SRR15421489_NODE_43185_length_1425_cov_12.231105_g16935_i0_1
candidate_all_tps_ERR4669814_NODE_34617_length_1857_cov_11.884956_g18826_i0_1	candidate	candidate	all_tps|ERR4669814_NODE_34617_length_1857_cov_11.884956_g18826_i0_1	all_tps|ERR4669814_NODE_34617_length_1857_cov_11.884956_g18826_i0_1
candidate_all_tps_ERR3026435_NODE_11870_length_1607_cov_11.217997_g9475_i0_1	candidate	candidate	all_tps|ERR3026435_NODE_11870_length_1607_cov_11.217997_g9475_i0_1	all_tps|ERR3026435_NODE_11870_length_1607_cov_11.217997_g9475_i0_1
